Date,CNP,F,WMT,GE,TSLA
2014-01-02,19.119637,12.41778,70.951355,24.084024,150.100006
2014-01-03,19.111261,12.474077,70.71758299999998,24.066513,149.559998
2014-01-06,19.136396,12.530374,70.321945,23.87384,147.0
2014-01-07,19.337479,12.369525,70.537735,23.900116,149.360001
2014-01-08,19.136396,12.498204,69.98026999999999,23.830048,151.279999
2014-01-09,19.354235,12.739486,70.214035,23.83881,147.529999
2014-01-10,19.588829,12.924462,70.16909799999999,23.611103,145.720001
2014-01-13,19.303967,12.956633,69.674553,23.409672,139.339996
2014-01-14,19.463152,13.189867,70.09716800000001,23.619865,161.270004
2014-01-15,19.655859,13.431149,69.827415,23.943901,164.130005
2014-01-16,19.739647,13.455276,69.01818100000001,23.821295000000006,170.970001
2014-01-17,19.622345000000006,13.28638,68.505676,23.278311,170.009995
2014-01-21,19.86532,13.197912,68.19097099999999,23.02433,176.679993
2014-01-22,19.932346,13.310506,67.750381,22.761597,178.559998
2014-01-23,19.748026,13.213998000000002,67.399734,22.612713,181.5
2014-01-24,19.396126,12.73144,66.914185,21.850782,174.600006
2014-01-27,19.421261,12.63493,66.671417,21.955877,169.619995
2014-01-28,19.555319,12.642974,67.138962,22.29743,178.380005
2014-01-29,19.396126,12.371386,66.626465,22.148548,175.229996
2014-01-30,19.731268,12.363276,67.210899,22.332462,182.839996
2014-01-31,19.605589,12.128174,67.147972,22.008423,181.410004
2014-02-03,19.312344,11.795785,65.331711,21.325312,177.110001
2014-02-04,19.320721,12.05521,65.394661,21.517986,178.729996
2014-02-05,19.303967,11.94171,65.520523,21.474194,174.419998
2014-02-06,19.421261,12.038996,65.475563,21.850782,178.380005
2014-02-07,19.546944,12.136283,66.311768,22.06097,186.529999
2014-02-10,19.605589,12.03089,66.320755,21.938356,196.559998
2014-02-11,19.739647,12.128174,67.255875,22.27116,196.619995
2014-02-12,19.721022,12.160604,67.399734,22.236124,195.320007
2014-02-13,19.890301,12.225457,67.759377,22.279915,199.630005
2014-02-14,20.355818,12.35517,68.146019,22.542648,198.229996
2014-02-18,20.389677,12.476778,67.732414,22.463829,203.699997
2014-02-19,20.431993,12.363276,67.300827,22.244883,193.639999
2014-02-20,20.550488,12.379494,66.104973,22.191877,209.970001
2014-02-21,20.719769,12.290315,65.745316,22.032862,209.600006
2014-02-24,20.635128,12.306527,65.95211,22.342062,217.649994
2014-02-25,20.474318,12.282207,65.95211,22.324394,248.0
2014-02-26,19.932621,12.371386,67.237892,22.350893,253.0
2014-02-27,19.941086,12.476778,67.04007,22.527578,252.539993
2014-02-28,20.017262,12.476778,67.165947,22.50108,244.809998
2014-03-03,19.873373,12.322742,66.64444,22.191877,250.559998
2014-03-04,19.983402,12.460565,67.552589,22.660093,254.839996
2014-03-05,19.746414,12.671346,67.255875,22.907457,252.660004
2014-03-06,19.678701,12.703775,67.327805,23.163654,252.940002
2014-03-07,19.627924,12.663239,67.49069200000001,23.084146,246.210007
2014-03-10,19.543285,12.574061,67.354965,23.004637,238.839996
2014-03-11,19.729486,12.403814,67.79836999999999,22.880957,234.410004
2014-03-12,19.822592,12.484885,68.350388,22.757275,241.490005
2014-03-13,20.262718,12.306527,67.807419,22.38623,237.789993
2014-03-14,20.228863,12.225457,67.219193,22.183046,230.970001
2014-03-17,20.525099,12.3876,67.581177,22.465742,233.979996
2014-03-18,20.355818,12.557847,67.66263599999999,22.660093,240.039993
2014-03-19,20.203466,12.54974,67.309692,22.333227,235.839996
2014-03-20,20.059578,12.606492,68.214638,22.324394,234.910004
2014-03-21,20.076509,12.541634,68.866203,22.439236,228.889999
2014-03-24,19.924158,12.476778,69.463463,22.448072,220.169998
2014-03-25,19.797197,12.428135,69.563011,22.704271,220.440002
2014-03-26,19.704094,12.363276,68.983841,22.633598000000006,212.960007
2014-03-27,19.797197,12.363276,68.902397,22.801451,207.320007
2014-03-28,19.924158,12.525419,68.784775,22.863285,212.369995
2014-03-31,20.051115,12.647025,69.16484100000001,22.87212,208.449997
2014-04-01,20.161148,13.230733,69.47251899999999,22.854452,216.970001
2014-04-02,20.288105,13.344234,69.843536,23.004637,230.289993
2014-04-03,20.203466,13.287484,70.09693100000001,23.172489,225.399994
2014-04-04,20.14422,13.076699,69.961182,22.986967,212.229996
2014-04-07,19.797197,12.922665,69.961182,22.836786,207.520004
2014-04-08,20.051115,13.052381,70.748497,22.748444,215.460007
2014-04-09,20.195005,12.841594,70.558449,22.925127,216.929993
2014-04-10,20.279644,12.671346,69.581108,22.598257,204.190002
2014-04-11,20.313498000000006,12.671346,69.228188,22.465742,203.779999
2014-04-14,20.355818,12.728098,70.02454399999999,22.713104,198.089996
2014-04-15,20.702839,12.841594,69.57204399999999,22.810282,193.910004
2014-04-16,20.905983,13.02806,69.879745,23.075317,199.110001
2014-04-17,20.829802,12.971308,70.277916,23.464024,198.119995
2014-04-21,20.652058,12.955095,70.22361,23.490524,204.380005
2014-04-22,20.779018,13.052381,70.18740799999999,23.481693,218.639999
2014-04-23,20.838264,13.15777,70.621796,23.340342,207.990005
2014-04-24,20.787483,13.230733,70.866119,23.375681,207.860001
2014-04-25,21.041403,12.792954,71.14666,23.499359,199.850006
2014-04-28,21.007542,12.94699,72.17830699999998,23.658379,198.509995
2014-04-29,20.81287,13.068594,72.096848,23.640711,206.919998
2014-04-30,20.956758,13.195235,72.133034,23.755556,207.889999
2014-05-01,20.939829,12.999144,72.12400799999998,23.649544,207.729996
2014-05-02,20.558956,12.990974,71.599129,23.570036,210.910004
2014-05-05,20.711308,12.860249,71.14666,23.481693,216.610001
2014-05-06,20.525099,12.713181,70.594643,23.137152,207.279999
2014-05-07,20.745163,12.631476,70.986183,23.437519,201.350006
2014-05-08,20.6182,12.917439,71.650871,23.358013,178.589996
2014-05-09,20.271179,12.884759,72.115257,23.340342,182.259995
2014-05-12,20.084972,12.94195,72.069725,23.720219,184.669998
2014-05-13,20.034185,12.958291,72.06061600000002,23.782059,190.160004
2014-05-14,20.263327,12.868417,71.696404,23.640711,190.619995
2014-05-15,20.135077,12.819396,69.95725999999999,23.499359,188.589996
2014-05-16,20.417221,12.876589,70.121162,23.561199,191.559998
2014-05-19,20.100878,13.007314,69.756935,23.508196,196.089996
2014-05-20,20.212029,12.884759,68.91925,23.234327,195.300003
2014-05-21,20.246229,12.999144,68.89193,23.40218,199.449997
2014-05-22,20.545477,12.999144,68.64608,23.419847,204.880005
2014-05-23,20.408678,13.089022,68.84639,23.419847,207.300003
2014-05-27,20.485626,13.203403,68.82817800000001,23.472857,211.559998
2014-05-28,20.528374,13.325960999999998,68.77356,23.552368,210.240005
2014-05-29,20.571125,13.513882999999998,69.183289,23.623043,210.240005
2014-05-30,20.622425,13.432178,69.902626,23.667213,207.770004
2014-06-02,20.588223,13.432178,69.893524,23.702551,204.699997
2014-06-03,20.536924,13.522053,69.847992,23.667213,204.940002
2014-06-04,20.468523,13.718144,70.230423,23.455183,203.990005
2014-06-05,20.605324,13.628267999999998,70.403442,23.649544,206.899994
2014-06-06,20.562574,13.955085,70.303268,24.011755,208.169998
2014-06-09,20.45998,13.88972,70.121162,24.241447,205.309998
2014-06-10,20.425777,13.897894,69.766037,24.214943,202.300003
2014-06-11,20.357374,13.808014000000002,69.34719799999999,23.98525,204.470001
2014-06-12,20.477077,13.49754,68.95566600000001,23.817396,203.520004
2014-06-13,20.528374,13.530221,68.545914,23.888071,206.419998
2014-06-16,21.058472,13.587416,68.600533,23.69371,224.610001
2014-06-17,20.930222,13.718144,68.281837,23.73789,231.669998
2014-06-18,21.178173,13.750823,68.928352,23.755556,227.119995
2014-06-19,21.349171,13.709971,69.083145,23.987146,227.789993
2014-06-20,21.015724,13.620095,68.91014100000001,24.022772,229.589996
2014-06-23,21.041372,13.791676999999998,69.010284,23.764465,237.220001
2014-06-24,21.169621,13.865209,69.174187,23.67539,232.5
2014-06-25,21.426113,14.05313,68.855515,23.532879,236.889999
2014-06-26,21.51162,14.05313,68.20903,23.41708,235.600006
2014-06-27,21.682613,14.118492000000002,68.600533,23.541782,239.059998
2014-06-30,21.836515,14.085812,68.354713,23.408175,240.059998
2014-07-01,21.699715,14.0613,68.545914,23.515064,239.720001
2014-07-02,21.297869,14.069472,68.855515,23.702114,229.429993
2014-07-03,21.178173,14.151174,68.973869,23.924793,229.25
2014-07-07,21.186724,14.151174,69.265244,23.826813,222.660004
2014-07-08,21.229471,13.979597,69.79336500000001,23.48834,219.070007
2014-07-09,21.28932,14.241049,70.303268,23.443802,223.059998
2014-07-10,21.426113,14.134833,70.166679,23.336918,219.460007
2014-07-11,21.349171,14.273731,69.94815799999999,23.648666,218.130005
2014-07-14,21.13542,14.339095,69.702316,23.746647,226.699997
2014-07-15,21.28932,14.330925,69.96637700000001,23.702114,219.580002
2014-07-16,21.306417,14.543354999999998,69.984581,24.067312,217.160004
2014-07-17,21.212368,14.494332,69.756935,23.702114,215.399994
2014-07-18,21.434668,14.47799,70.193993,23.568504,220.020004
2014-07-21,21.485968,14.461651000000002,69.902626,23.140959,220.539993
2014-07-22,21.477419,14.559695,69.784256,23.176584,219.580002
2014-07-23,21.374819,14.527013,70.102936,23.078608,222.490005
2014-07-24,21.51162,14.576037,69.52018699999999,23.10533,223.539993
2014-07-25,21.263666,14.396285999999998,69.174187,22.971724,223.570007
2014-07-28,21.503065,14.412629,68.937454,22.793573,224.820007
2014-07-29,21.357718,14.355432999999998,68.691612,22.668877,225.00999500000003
2014-07-30,20.998619,14.367779,68.090645,22.83811,228.919998
2014-07-31,20.793425,14.005706,66.997963,22.401657,223.300003
2014-08-01,20.93877,13.832896,66.961563,22.579803,233.270004
2014-08-04,20.904572,14.005706,66.961563,22.508545,238.520004
2014-08-05,20.468523,13.882271,66.779442,22.285864,238.490005
2014-08-06,20.143631,13.972786,68.00762900000001,22.659971,248.929993
2014-08-07,20.417221,13.841125,67.778488,22.713409,252.389999
2014-08-08,20.801975,14.063308,68.4384,22.855928,248.130005
2014-08-11,20.827625,14.12914,68.154274,22.971724,259.320007
2014-08-12,20.853271,14.162054,68.02595500000001,22.811388,259.959991
2014-08-13,20.92062,14.334863,67.851807,23.007351,260.309998
2014-08-14,21.153742,14.343093,68.181763,23.051882,261.380005
2014-08-15,21.16238,14.244344,67.73266600000001,22.83811,262.01001
2014-08-18,21.058769,14.343093,68.273415,23.221123,259.940002
2014-08-19,21.283253,14.285489000000002,68.63089000000001,23.203308,256.76001
2014-08-20,21.352331,14.326633,68.704201,23.479429,255.710007
2014-08-21,21.317791,14.318404999999998,69.244972,23.541782,254.339996
2014-08-22,21.171013,14.12914,69.409935,23.292381,256.77999900000003
2014-08-25,21.404135,14.178513,69.373283,23.336918,262.549988
2014-08-26,21.205551,14.145596,69.21746800000001,23.167677,261.73999
2014-08-27,21.265985,14.285489000000002,69.519936,23.274565,263.25
2014-08-28,21.447306,14.334863,69.56575,23.167677,263.859985
2014-08-29,21.447306,14.326633,69.199127,23.140959,269.700012
2014-09-02,21.360966,14.482982000000002,69.428268,23.025162,284.119995
2014-09-03,21.481842,14.376005,69.666588,23.114241,281.190002
2014-09-04,21.369595,14.211427,70.17067,23.123146,286.040009
2014-09-05,21.602718,14.104451999999998,71.041389,23.247841,277.390015
2014-09-08,21.455938,13.824665,70.143173,23.23003,282.109985
2014-09-09,21.317791,13.684773000000002,70.33564,23.069702,278.480011
2014-09-10,21.248718,13.684773000000002,70.124832,23.114241,281.100006
2014-09-11,21.369595,13.709462,69.749054,23.176584,280.309998
2014-09-12,20.937891,13.65186,69.446617,23.042982,279.200012
2014-09-15,20.955158,13.553111,69.48326899999999,23.087515,253.860001
2014-09-16,21.093304,13.594254,69.950691,23.345821,260.73999
2014-09-17,21.032866,13.602484,69.87737299999999,23.399267,261.380005
2014-09-18,20.911982,13.643629999999998,69.859055,23.542984,263.820007
2014-09-19,20.773838,13.701234,70.427299,23.614845000000006,259.320007
2014-09-22,20.592524,13.462594,69.941536,23.42621,250.02999900000003
2014-09-23,20.601156,13.306242,69.290787,23.37232,250.410004
2014-09-24,20.609789000000006,13.503735999999998,70.647285,23.291475,252.139999
2014-09-25,20.670231,13.330929,69.767387,22.950144,246.949997
2014-09-26,21.058769,13.437906,70.106522,23.022005,246.600006
2014-09-29,21.119204,12.433971,69.730736,22.833374,245.25999500000003
2014-09-30,21.127838,12.170645,70.088173,23.013023,242.679993
2014-10-01,21.18828,12.006064,69.767387,22.599827,240.240005
2014-10-02,21.179642,11.981378,69.86823299999999,22.563902,251.419998
2014-10-03,21.352331,12.006064,70.867249,22.815409,255.210007
2014-10-06,21.257353,11.948464,70.894737,22.653723,260.619995
2014-10-07,21.136477,11.602846,70.848915,22.285442,259.570007
2014-10-08,21.369595,11.693364,71.710472,22.680668,259.27999900000003
2014-10-09,20.886082,11.388893,71.362175,22.258495,257.01001
2014-10-10,20.791105,11.347747,71.756294,21.800392,236.910004
2014-10-13,19.996761,11.142023,71.087212,21.512953,224.589996
2014-10-14,19.694563,11.339518,71.47216800000002,21.64769,227.059998
2014-10-15,19.116074,11.207855,68.924171,21.809376,229.699997
2014-10-16,19.470078,11.504098,67.659348,21.782427,226.350006
2014-10-17,20.005396,11.537012,67.91598499999999,22.294428,227.479996
2014-10-20,20.324862,11.660448,68.869186,22.483057,230.470001
2014-10-21,20.609789000000006,11.734509,69.675735,22.860319,235.339996
2014-10-22,20.307598,11.627534,69.684883,22.626774,231.100006
2014-10-23,20.566616,11.849713,69.886528,22.851336,235.289993
2014-10-24,20.722033,11.339518,70.00569899999999,23.030985,235.240005
2014-10-27,20.730669,11.372434,70.198151,22.923193,221.669998
2014-10-28,20.972425,11.65222,69.978188,23.246567,242.770004
2014-10-29,20.894716,11.548442,70.014862,23.04895,238.100006
2014-10-30,21.076036,11.581651,70.069847,23.057934,238.660004
2014-10-31,21.196915,11.697882,69.90486899999999,23.183685,241.699997
2014-11-03,21.481842,11.614859,69.91403199999999,23.084887,242.589996
2014-11-04,21.27462,11.581651,70.812256,23.084887,238.929993
2014-11-05,21.697697,11.573349,71.215523,23.192671,230.970001
2014-11-06,21.533644,11.780902,71.316338,23.677725,241.220001
2014-11-07,21.784037,11.764299,72.196236,23.722633,240.199997
2014-11-10,21.913551,11.623161,72.81031800000002,23.776527,241.929993
2014-11-11,21.844477,11.930344,72.416214,23.695686,251.080002
2014-11-12,21.415638,12.104691,72.59033199999998,23.821444,249.100006
2014-11-13,21.084425,12.39527,76.01821899999999,23.731617,251.699997
2014-11-14,20.953684,12.569619,76.036552,23.767546,258.679993
2014-11-17,21.250032,12.901709,76.59565,23.902283,253.979996
2014-11-18,21.433075,12.8685,76.797287,24.261581,257.700012
2014-11-19,21.250032,12.818686,77.897148,24.18074,247.740005
2014-11-20,21.206455,12.835291,77.52136999999998,24.117865,248.710007
2014-11-21,21.215168,12.810385,77.58551800000002,24.243614,242.77999900000003
2014-11-24,21.223885,13.009637,78.272926,24.2526,246.720001
2014-11-25,21.189022,13.01794,77.86048100000002,24.126842,248.089996
2014-11-26,21.154158,12.959826,77.887978,24.135826,248.440002
2014-11-28,20.866522,13.059452,80.234329,23.794495,244.520004
2014-12-01,20.483013,13.092662,79.024498,23.37232,231.639999
2014-12-02,20.718348,13.20059,79.189484,23.399265,231.429993
2014-12-03,20.997269,13.291916,78.28625500000003,23.695686,229.300003
2014-12-04,20.849091,13.125871,78.120338,23.435198,228.27999900000003
2014-12-05,20.526588,13.034545,77.530487,23.363335,223.710007
2014-12-08,20.308685,12.810385,77.631874,23.075899,214.360001
2014-12-09,20.439432,12.810385,77.014351,22.977091,216.889999
2014-12-10,19.742132,12.586224,76.47976700000002,22.698633,209.839996
2014-12-11,19.681124,12.685851,77.263191,22.82439,208.880005
2014-12-12,19.175583,12.445086,77.24475100000002,22.357302,207.0
2014-12-15,18.774639,11.855624,77.364586,22.087828,204.039993
2014-12-16,18.922813,11.697882,76.461342,21.998003,197.809998
2014-12-17,19.602674,11.996762,77.631874,22.150707,205.820007
2014-12-18,20.047203,12.295645,79.207909,22.794462,218.25999500000003
2014-12-19,20.134367,12.478295,78.489014,23.229685,219.289993
2014-12-22,20.282541,12.636039,79.613457,23.311281,222.600006
2014-12-23,20.439432,12.727362,79.87151300000002,23.465422,220.970001
2014-12-24,20.709631,12.702455,79.659515,23.420088,222.25999500000003
2014-12-26,20.857807,12.826987,80.10192099999998,23.374758,227.820007
2014-12-29,21.171585,12.885104,79.853065,23.302216,225.710007
2014-12-30,20.76193,12.8685,79.991333,23.184345,222.229996
2014-12-31,20.421999,12.8685,79.152611,22.912334,222.410004
2015-01-02,20.596321,12.75227,79.171036,22.72193,219.309998
2015-01-05,19.942606,12.254132,78.94062,22.304844,210.089996
2015-01-06,19.498083,12.137903,79.548912,21.824291,211.27999900000003
2015-01-07,19.750851,12.486596,81.659538,21.833359,210.949997
2015-01-08,20.221525,12.802081,83.383064,22.096306,210.619995
2015-01-09,19.794434,12.627735,82.35078399999998,21.788027,206.660004
2015-01-12,19.838015,12.636039,82.968292,21.742691,202.210007
2015-01-13,19.733419,12.627735,82.313919,21.633886,204.25
2015-01-14,19.715988,12.544713,79.82543199999998,21.561352,192.690002
2015-01-15,19.750851,12.337156,80.535103,21.380007,191.869995
2015-01-16,20.047203,12.469992,79.972893,21.389078,193.070007
2015-01-20,19.951323,12.461689,79.899162,21.624819,191.929993
2015-01-21,20.177944,12.428479,79.853065,21.797092000000006,196.570007
2015-01-22,19.951323,12.478295,81.383034,22.014702,201.619995
2015-01-23,20.021051,12.378667,81.57659100000002,22.196041,201.289993
2015-01-26,20.047203,12.519805,81.68718,22.295776,206.550003
2015-01-27,20.169226,12.328854,80.673355,22.10537,205.979996
2015-01-28,19.838015,12.127567,80.018982,21.615753,199.369995
2015-01-29,20.369698,12.454659,80.84848000000002,21.833359,205.199997
2015-01-30,20.125648,12.337241,78.323112,21.661091,203.600006
2015-02-02,19.960037,12.806911,78.995926,21.951233,210.940002
2015-02-03,19.907742,13.125616,79.43833199999997,22.186972,218.360001
2015-02-04,19.872877,13.310129000000002,79.862282,21.905893,218.550003
2015-02-05,20.212809,13.293357,80.44294000000002,22.214174,220.990005
2015-02-06,19.36734,13.301741,80.489029,22.232311,217.360001
2015-02-09,19.341194,13.352065,79.18026,22.341114,217.479996
2015-02-10,19.759569,13.494643,80.452148,22.413649,216.289993
2015-02-11,19.078384,13.628832999999998,79.576576,22.458986,212.800003
2015-02-12,19.483746,13.721093,79.161819,22.567791,202.880005
2015-02-13,19.175316,13.670768,79.088089,22.803528,203.770004
2015-02-17,19.034327,13.511418,79.226334,22.821669,204.350006
2015-02-18,19.333939,13.595287,79.530479,22.894197,204.460007
2015-02-19,19.043135,13.7798,76.977478,22.885052,211.710007
2015-02-20,19.148882,13.75464,77.696388,23.068054,217.110001
2015-02-23,19.104824,13.737866,77.972862,23.031458,207.339996
2015-02-24,19.422058,13.721093,77.94522099999998,23.232765,204.110001
2015-02-25,19.007891,13.846896,77.02356,23.708582,203.759995
2015-02-26,18.523216,13.737866,77.23555,23.690281,207.190002
2015-02-27,18.320538,13.704318,77.35537,23.781786,203.339996
2015-03-02,18.232414,13.897219,77.383011,23.89159,197.330002
2015-03-03,18.311724,13.561739,76.83921099999998,23.66283,199.559998
2015-03-04,18.276474,13.444322,76.111099,23.479822,202.440002
2015-03-05,18.470346,13.511418,77.02356,23.626228,200.630005
2015-03-06,18.197168,13.360453,76.12033100000002,23.260216,193.880005
2015-03-09,18.267662,13.444322,76.38761099999998,23.461525,190.880005
2015-03-10,18.188353,13.184327,75.641052,23.031458,190.320007
2015-03-11,18.029736,13.209485999999998,74.815857,23.049757,193.740005
2015-03-12,18.276474,13.561739,75.93776700000002,23.241913,191.070007
2015-03-13,18.100235,13.586901,75.93776700000002,22.912502,188.679993
2015-03-16,18.241226,13.830122,77.226585,23.28767,195.699997
2015-03-17,18.241226,13.746251,76.605362,23.159563,194.729996
2015-03-18,18.814020000000006,13.80496,76.521912,23.461525,200.710007
2015-03-19,18.364599,13.704318,75.58543399999998,23.177862,195.649994
2015-03-20,18.655401,13.821734,77.180222,23.241913,198.080002
2015-03-23,18.426281,13.897219,77.245125,23.305965,199.630005
2015-03-24,18.320538,13.888831,77.004051,23.122961,201.720001
2015-03-25,18.135479,13.570127,75.399986,22.793547,194.300003
2015-03-26,17.994486,13.427547,75.928497,22.69289,190.410004
2015-03-27,18.170732,13.402385999999998,75.427818,22.747799,185.0
2015-03-30,18.179543,13.553352,76.521912,22.985706,190.570007
2015-03-31,17.985674,13.536577,76.262283,22.702044,188.770004
2015-04-01,18.311724,13.343679000000002,74.834396,22.72949,187.589996
2015-04-02,18.258854,13.444322,74.85294300000002,22.820999,191.0
2015-04-06,18.558464,13.419161,75.094009,23.040609,203.100006
2015-04-07,18.391037,13.335289,74.639679,22.894197,203.25
2015-04-08,18.232414,13.402385999999998,75.131111,22.885052,207.669998
2015-04-09,18.082609,13.377223999999998,74.954948,23.543879,210.089996
2015-04-10,18.2941,13.444322,74.778763,26.087677,210.899994
2015-04-13,18.117857,13.310129000000002,74.44497700000002,25.282446,209.77999900000003
2015-04-14,18.258854,13.393999,74.315163,25.373951,207.460007
2015-04-15,18.77877,13.477867000000002,73.935013,25.126888,207.830002
2015-04-16,18.382223,13.368839,73.471413,24.962181,206.699997
2015-04-17,18.417471,13.217873,72.210403,24.934729,206.789993
2015-04-20,18.611338,13.343679000000002,72.451492,24.72427,205.270004
2015-04-21,18.205978,13.268195,72.34951,24.358257,209.410004
2015-04-22,18.355785,13.343679000000002,72.720375,24.623617000000007,219.440002
2015-04-23,18.479155,13.217873,73.415779,24.568716,218.600006
2015-04-24,18.549656,13.226261,74.027733,24.522964,218.429993
2015-04-27,18.33816,13.335289,73.591949,24.596167,231.550003
2015-04-28,18.514402,13.469481,73.341599,24.815777,230.479996
2015-04-29,18.62015,13.562609,72.210403,24.788326,232.449997
2015-04-30,18.479155,13.376356,72.36805,24.779177,226.050003
2015-05-01,18.558464,13.384822,72.878006,24.989635,226.02999900000003
2015-05-04,18.602528,13.359423,73.415779,24.953032,230.50999500000003
2015-05-05,18.241226,13.147771,72.44223000000002,24.632771,232.949997
2015-05-06,17.941612,13.105442,72.451553,24.532112,230.429993
2015-05-07,17.888741,13.13084,72.806122,24.742575,236.800003
2015-05-08,18.258854,13.266297,73.272636,25.035383,236.610001
2015-05-11,18.064983,13.249365,72.871429,24.632771,239.490005
2015-05-12,17.65962,13.173171,73.673843,24.733423,244.740005
2015-05-13,17.702454,13.046181,72.927406,24.898129,243.179993
2015-05-14,18.023666,12.927657,73.449913,25.081137,244.100006
2015-05-15,18.193197,13.105442,73.935112,24.953032,248.839996
2015-05-18,18.219963,13.190102,74.56958,24.989635,248.75
2015-05-19,18.193197,13.122375,71.31321700000002,25.026234,247.139999
2015-05-20,18.318113,12.953054,70.818703,25.291594,244.350006
2015-05-21,18.300268,13.13084,71.014648,25.364796,245.619995
2015-05-22,18.23781,12.927657,70.781387,25.328199,247.729996
2015-05-26,18.086124,12.859925,69.88565799999999,25.181789,247.460007
2015-05-27,18.059351,12.969984,70.15625,25.181789,247.429993
2015-05-28,18.184273,12.944588,69.829674,25.282446,251.449997
2015-05-29,18.17535,12.842996,69.297836,24.953032,250.800003
2015-06-01,18.04151,13.00385,69.727051,24.962181,249.449997
2015-06-02,17.604301,12.919188,69.540421,25.007933,248.350006
2015-06-03,17.506155,12.868394,69.87631999999999,25.190941,248.990005
2015-06-04,17.220629000000002,12.741403,69.185875,24.94388,245.919998
2015-06-05,17.238478,12.512817,68.168823,24.971333,249.139999
2015-06-08,17.113561999999998,12.614413,67.748962,24.925583,256.290009
2015-06-09,17.21171,12.59748,67.61834,25.007933,256.0
2015-06-10,17.300933999999998,12.72447,68.047539,25.282446,250.699997
2015-06-11,17.390156,12.93612,68.056877,25.172636,251.410004
2015-06-12,17.18494,12.893791,67.581017,25.062836,250.690002
2015-06-15,17.068945000000006,12.741403,67.114494,24.898129,250.380005
2015-06-16,17.024334,12.699072,67.50636300000001,24.90728,253.119995
2015-06-17,17.300933999999998,12.716004,67.860939,24.953032,260.410004
2015-06-18,17.550767999999998,12.817597,68.0942,25.257563,261.890015
2015-06-19,17.416925,12.792199,67.87024699999999,25.137594,262.51001
2015-06-22,17.586458,12.80913,67.916924,25.303703,259.790009
2015-06-23,17.256323000000002,12.944588,67.711639,25.423668,267.670013
2015-06-24,17.104635000000002,13.122375,67.534363,25.156054,265.170013
2015-06-25,17.095715,13.071579,67.04917900000001,24.953032,268.790009
2015-06-26,17.265245,13.037714,67.291771,24.999174,267.089996
2015-06-29,17.18494,12.716004,66.638641,24.583904,262.019989
2015-06-30,16.979719,12.707538,66.181442,24.519304,268.26001
2015-07-01,17.024334,12.690605,67.067825,24.60236,269.149994
2015-07-02,17.265245,12.589014,67.04917900000001,24.713097,280.019989
2015-07-06,17.149248,12.521284,67.674324,24.279371,279.720001
2015-07-07,17.488310000000002,12.572082,68.849968,24.427023,267.880005
2015-07-08,17.149248,12.16571,68.168823,23.891787,254.960007
2015-07-09,16.90834,12.131847,67.907585,24.011759,257.920013
2015-07-10,17.060026,12.258838,68.22483100000001,24.242462,259.149994
2015-07-13,17.104635000000002,12.394294,68.933945,24.427023,262.160004
2015-07-14,17.18494,12.538218,68.849968,24.60236,265.649994
2015-07-15,17.193865,12.487419,68.71934499999999,24.703871,263.140015
2015-07-16,17.167095,12.335032,68.887291,24.953032,266.679993
2015-07-17,16.952953,12.436624,68.476753,25.137594,274.660004
2015-07-20,16.729889,12.335032,68.206154,25.045311,282.26001
2015-07-21,16.587124,12.284238,67.87024699999999,24.777699,266.769989
2015-07-22,16.613892,12.208042,68.26216099999999,24.574673,267.869995
2015-07-23,16.364063,12.368896,67.655663,24.233234,267.200012
2015-07-24,16.319448,12.182643,66.78791,23.762596,265.410004
2015-07-27,16.667427,12.3181,66.601303,23.947159,253.00999500000003
2015-07-28,16.854803,12.555148,67.27310200000001,24.085581,264.820007
2015-07-29,17.024334,13.008434,67.394409,24.233234,263.820007
2015-07-30,17.077868,12.914356,67.32911700000001,24.104042,266.790009
2015-07-31,17.256323000000002,12.683437,67.16114,24.085581,266.149994
2015-08-03,17.149248,12.777514,67.347755,23.873335,259.98999
2015-08-04,16.828032999999998,12.751858,67.413071,23.901022,266.27999900000003
2015-08-05,16.988644,12.65778,69.05705999999999,24.085581,270.130005
2015-08-06,17.024334,12.683437,68.380676,24.020981,246.130005
2015-08-07,17.077868,12.65778,66.93396,23.799507,242.50999500000003
2015-08-10,17.425852,12.820278,67.150024,24.214779,241.139999
2015-08-11,17.274168,12.572254,67.572762,23.725683,237.369995
2015-08-12,17.7062,12.555148,68.183403,23.864105,238.169998
2015-08-13,17.751394,12.580807,67.74185200000001,23.799507,242.50999500000003
2015-08-14,18.004471,12.640674,67.995499,24.067125,243.149994
2015-08-17,18.004471,12.555148,67.553986,24.187092,254.990005
2015-08-18,17.995432,12.683437,65.271194,24.057896,260.720001
2015-08-19,17.986393,12.632124,64.416298,23.744139,255.25
2015-08-20,17.914082999999994,12.341334,64.28479,23.245815,242.179993
2015-08-21,17.453127,11.853838,62.50927,22.692125,230.770004
2015-08-24,16.711979,11.28082,60.07616,22.027697,218.869995
2015-08-25,16.196789000000006,11.032793,59.277657,21.474001,220.02999900000003
2015-08-26,16.476979999999998,11.297923,60.902855,22.156891,224.839996
2015-08-27,16.946976,11.597263,62.077148,23.07971,242.990005
2015-08-28,17.010244,11.751208,61.006203,23.218134,248.479996
2015-08-31,16.829479,11.862391,60.808914,22.904373,249.059998
2015-09-01,16.124481,11.734103,59.954041,22.036922,238.630005
2015-09-02,16.016022,11.862391,60.536484,22.67367,247.690002
2015-09-03,16.214869,11.836735,60.931038,22.618299,245.570007
2015-09-04,15.9166,11.597263,60.019798,22.147661,241.929993
2015-09-08,16.25102,11.691341,62.358955,23.033567,248.169998
2015-09-09,16.043139,11.571604,61.175297,22.655212,248.910004
2015-09-10,16.025060999999994,11.742657,60.235874,22.775177,248.479996
2015-09-11,15.988908,11.725551,60.733757,23.024343,250.240005
2015-09-14,16.097366,11.785418,60.386166,22.858232,253.190002
2015-09-15,16.1516,12.238705,60.423748,23.347322,253.570007
2015-09-16,16.395636,12.52094,60.771343,23.928701,262.25
2015-09-17,16.522171,12.486729,60.564671,23.602825,262.070007
2015-09-18,16.314289000000002,12.213046,59.503117,23.090733,260.619995
2015-09-21,16.440828,12.247255,59.86010400000001,23.360743,264.200012
2015-09-22,16.106409,11.905156,59.737972,23.379366,260.940002
2015-09-23,16.043139,11.699893,59.86010400000001,23.407299,261.059998
2015-09-24,16.106409,11.674236,59.963432,23.193151,263.119995
2015-09-25,16.169676000000006,11.571604,59.916458,23.202461,256.910004
2015-09-28,15.853332,11.22095,59.80373,22.634502,248.429993
2015-09-29,15.844295,11.246608,59.916458,22.876583,246.649994
2015-09-30,16.30525,11.605815,60.912243,23.481785,248.399994
2015-10-01,16.061216,11.691341,60.376774,23.453852,239.880005
2015-10-02,16.296215,11.965022,61.04377,23.714552,247.570007
2015-10-05,16.766211,12.136073,61.87986400000001,24.971508,246.149994
2015-10-06,16.711979,12.238705,61.70137,25.409117,241.460007
2015-10-07,16.784285999999998,12.615017,62.340183,25.856037,231.960007
2015-10-08,16.937939,12.820278,62.828678,26.098114,226.720001
2015-10-09,16.874670000000002,12.803173,62.650185,26.135355,220.690002
2015-10-12,16.757172,12.811726,62.875641,26.153975,215.580002
2015-10-13,16.621593,12.777514,62.687763,25.949141,219.25
2015-10-14,16.504097,12.837383,56.39362,25.69775,216.880005
2015-10-15,16.865631,13.016985,55.736027,26.098114,221.309998
2015-10-16,16.901785,13.068301,55.322678,26.982637,227.00999500000003
2015-10-19,16.702938,13.136723000000002,55.285103,26.991947,228.100006
2015-10-20,16.802362,13.153828,55.191158,26.796419,213.02999900000003
2015-10-21,16.965052,13.179485,55.087822,26.861597,210.089996
2015-10-22,17.290436,13.324878,55.33207700000001,27.541286,211.720001
2015-10-23,16.829479,13.401853,54.768414,27.476109,209.089996
2015-10-26,16.965052,13.410403,54.505375,27.51335,215.25999500000003
2015-10-27,16.802362,12.734753,53.998089,27.429554,210.350006
2015-10-28,16.748131,12.933462,54.148399,27.364376,212.960007
2015-10-29,16.748131,12.726113,54.449013,27.317825,211.630005
2015-10-30,16.766211,12.795231,53.772629,26.926773,206.929993
2015-11-02,16.721018,12.743392,54.120213,27.373690000000003,213.789993
2015-11-03,16.9289,12.795231,54.58991999999999,27.550594,208.350006
2015-11-04,16.883709,12.656997,54.834179000000006,27.504042,231.630005
2015-11-05,16.730057000000002,12.587881,55.05964300000001,27.597149,231.770004
2015-11-06,15.781026999999998,12.544683,55.219341,27.857853,232.360001
2015-11-09,15.817179,12.380529,54.946915,27.69957,225.330002
2015-11-10,15.705323000000002,12.337332,55.125397,28.044065000000003,216.5
2015-11-11,15.888692,12.363252,54.092041,28.556158,219.080002
2015-11-12,15.503622,12.12998,53.500202,28.081308,212.940002
2015-11-13,15.549463,12.026306,53.0023,28.193041,207.190002
2015-11-16,15.797005,12.12998,54.364464,28.267525,214.309998
2015-11-17,15.650315,12.225016,56.290283,28.230284,214.0
2015-11-18,15.732829,12.492845,57.239101,28.416498,221.070007
2015-11-19,15.677821,12.587881,57.023033,28.183727,221.800003
2015-11-20,15.668652,12.613799,56.431198,28.546848,220.00999500000003
2015-11-23,15.586137,12.570601,56.609692,28.481672,217.75
2015-11-24,15.641148,12.570601,56.290283,28.546848,218.25
2015-11-25,15.659482,12.570601,56.5909,28.267525,229.639999
2015-11-27,15.586137,12.553322,56.262108,28.267525,231.610001
2015-11-30,15.540297,12.380529,55.275711,27.876474,230.25999500000003
2015-12-01,15.576968,12.57924,55.416622,28.09062,237.190002
2015-12-02,15.219404999999998,12.320052,55.274525,27.904406,231.990005
2015-12-03,15.081882,12.078143,55.928162,27.960272,232.710007
2015-12-04,15.136889000000002,12.268214,56.515484,28.388563,230.380005
2015-12-07,15.045207,12.1991,57.311207,28.276836,231.130005
2015-12-08,14.981027,12.069505,56.46811700000001,28.109243,226.720001
2015-12-09,15.045207,12.000389,56.01341600000001,28.369944,224.520004
2015-12-10,14.797660999999998,12.060866,56.42075300000001,28.537539,227.070007
2015-12-11,15.30192,11.7844,56.23129300000001,28.174419,217.020004
2015-12-14,15.164394,11.767119,57.207001,28.174419,218.580002
2015-12-15,15.485286,11.983109,56.49654,28.230284,221.089996
2015-12-16,16.136238,12.406446,57.12175,28.844791,234.50999500000003
2015-12-17,16.356276,12.078143,55.87131899999999,28.657183000000003,233.389999
2015-12-18,15.980374,11.922632,55.748177,28.403912,230.460007
2015-12-21,16.072062,11.862155,56.411278,28.516476,232.559998
2015-12-22,16.127066,12.268214,57.349098,28.600899,229.949997
2015-12-23,16.548810999999993,12.406446,57.87011,29.0324,229.699997
2015-12-24,16.603821,12.363252,57.623817,28.919834,230.570007
2015-12-28,16.667999,12.250936,57.54803100000001,28.985498,228.949997
2015-12-29,16.924711,12.294134,58.362709,29.341955,237.190002
2015-12-30,16.778019,12.242296,58.429012,29.126205,238.089996
2015-12-31,16.833029,12.17318,58.069035,29.220009,240.00999500000003
2016-01-04,16.750513,12.069505,58.220604,28.807268,223.410004
2016-01-05,16.906376,11.853515,59.603657,28.835407,223.429993
2016-01-06,16.695503,11.3265,60.200451,28.375772,219.039993
2016-01-07,16.365446,10.972278,61.60244,27.175079,215.649994
2016-01-08,16.328770000000002,10.834044,60.19097900000001,26.687298,211.0
2016-01-11,16.136238,11.032755,60.835136,26.809240000000006,207.850006
2016-01-12,15.861187,11.101873,60.266758,26.865522,209.970001
2016-01-13,15.650315,10.540298,58.656364,26.490307,200.309998
2016-01-14,16.16374,10.531657,59.736279,27.259501,206.179993
2016-01-15,15.861187,10.341589,58.665836,26.724817,204.990005
2016-01-19,16.044554,10.324307,59.26263,26.724817,204.720001
2016-01-20,15.494455,10.281108,57.633286,26.265177,198.699997
2016-01-21,15.980374,10.376146,58.618473,26.818623,199.970001
2016-01-22,16.301268,10.48846,59.38578,26.490307,202.550003
2016-01-25,15.677821,10.350225,60.105721,26.302702000000004,196.380005
2016-01-26,15.925364000000002,10.592134,60.626732,26.555969,193.559998
2016-01-27,15.870357,10.583204,60.579365,26.265177,188.070007
2016-01-28,16.081224,10.45817,60.835136,26.462162,189.699997
2016-01-29,16.383781,10.663582,62.862343,27.297022,191.199997
2016-02-01,17.071404,10.779685,63.942253,26.865522,196.940002
2016-02-02,16.888037,10.279551,63.335995,26.490307,182.779999
2016-02-03,17.465643,10.234895,62.777084,26.893663,173.479996
2016-02-04,17.373959,10.297413,62.919178,27.372066,175.330002
2016-02-05,17.282276,10.225965,63.468613,26.771723,162.600006
2016-02-08,16.897207,10.350998,63.373875,26.424643,147.990005
2016-02-09,17.007227,10.136656,62.341335,26.527832,148.25
2016-02-10,16.970554,10.127724,62.322384,26.546587,143.669998
2016-02-11,16.410818,9.975898,61.877151,25.749254,150.470001
2016-02-12,16.708353,10.315275,62.691837,26.509068,151.03999299999995
2016-02-16,16.829226000000002,10.601066,62.426586,27.071892,155.169998
2016-02-17,17.052374,10.958305,62.625515,27.522152,168.679993
2016-02-18,17.256930999999998,10.949373,60.74041,27.278263,166.770004
2016-02-19,17.145355,10.806478,61.251949,27.221981,166.580002
2016-02-22,17.331314000000006,11.217304,62.17081500000001,27.587816,177.740005
2016-02-23,17.275526,11.092271,62.976025,27.409588,177.21000700000005
2016-02-24,17.535866,10.788617,63.582287,27.165697,179.0
2016-02-25,17.796207,11.065476,64.453796,27.638472,187.429993
2016-02-26,17.229034,11.136924,63.00444,27.799213,190.339996
2016-02-29,17.322014000000006,11.172648,62.843395,27.553373,191.929993
2016-03-01,17.359205,11.690645,62.957069,28.25308,186.350006
2016-03-02,17.498672,11.806748,62.720249,28.536745,188.339996
2016-03-03,17.461481,12.092538,62.653938,28.574568,195.740005
2016-03-04,18.121634,12.137194,63.260212,28.8015,201.039993
2016-03-07,18.307594,12.163985,64.311707,28.640757,205.289993
2016-03-08,18.46566,11.815678,64.453796,28.423277,202.600006
2016-03-09,18.549341,11.779955,64.444244,28.413822,208.720001
2016-03-10,18.772491,11.74423,64.329735,28.309816,205.179993
2016-03-11,18.856173,11.869265,64.1007,28.688036,207.5
2016-03-14,18.995638,11.851403,64.282013,28.621845,215.149994
2016-03-15,19.070021,11.815678,64.97865300000001,28.631302,218.339996
2016-03-16,19.181595,12.056816,64.883224,28.527292,221.929993
2016-03-17,19.590702,12.030023,64.36790500000001,29.274277,226.380005
2016-03-18,19.274574,12.181849,63.89074300000001,29.236456,232.740005
2016-03-21,19.47913,12.19971,64.864151,29.397198,238.320007
2016-03-22,19.497725,12.137194,64.768715,29.368832,234.240005
2016-03-23,19.469833,11.842472,64.377441,29.378284000000004,222.580002
2016-03-24,19.52562,11.663852,64.892769,29.416107,227.75
2016-03-28,19.330362,11.690645,65.007286,29.775417,230.25999500000003
2016-03-29,19.758068,11.788885,64.921402,29.765963,230.130005
2016-03-30,19.38615,11.922852,65.656219,30.096905,226.889999
2016-03-31,19.451235,12.056816,65.360382,30.059086,229.770004
2016-04-01,19.711578,11.699576,65.90435,30.191462,237.589996
2016-04-04,19.488426,11.431646,65.94250500000001,29.529573,246.990005
2016-04-05,19.070021,11.404856,65.503525,29.293186,255.470001
2016-04-06,19.265274,11.449509,65.885254,29.217543,265.420013
2016-04-07,19.274574,11.18158,65.102715,28.962242,257.200012
2016-04-08,19.441936,11.208373,64.950035,29.113535,250.070007
2016-04-11,19.395449,11.306613,64.320183,29.037886,249.919998
2016-04-12,19.767366,11.440578,65.656219,29.132444,247.820007
2016-04-13,19.711578,11.663852,65.990227,29.293186,254.52999900000003
2016-04-14,19.488426,11.690645,65.656219,29.331009,251.860001
2016-04-15,19.516321,11.55668,65.90435,29.340466,254.50999500000003
2016-04-18,19.544216,11.83354,66.667778,29.368832,253.880005
2016-04-19,19.52562,12.003228,66.58189399999999,29.453932,247.369995
2016-04-20,19.135109,12.181849,66.047485,29.453932,249.970001
2016-04-21,19.107214000000006,12.190781,65.34129300000001,29.293186,248.289993
2016-04-22,19.348957,12.155055,65.57988,29.085165000000003,253.75
2016-04-25,19.581408,12.128263,66.295609,29.009521000000003,251.820007
2016-04-26,19.618599,12.280089,66.133377,29.217543,253.740005
2016-04-27,19.92543,12.334264,66.247879,29.245909,251.470001
2016-04-28,19.860344,12.722533,65.76119200000001,29.217543,247.710007
2016-04-29,19.944025,12.243973,63.814411,29.07571,240.75999500000003
2016-05-02,20.176477,12.298147,64.501503,29.208088,241.800003
2016-05-03,19.934727,12.126588,63.938465,28.962242,232.320007
2016-05-04,20.157877,12.018234,64.119781,28.432734000000004,222.559998
2016-05-05,20.129986,12.027264,64.138863,28.262535,211.52999900000003
2016-05-06,20.111387,12.135616,65.131355,28.480015,214.929993
2016-05-09,20.157877,12.027264,65.79937,28.243626000000006,208.919998
2016-05-10,20.548389,12.180765,65.64666700000001,28.820414000000003,208.690002
2016-05-11,20.464708,12.027264,63.839447,28.688036,208.960007
2016-05-12,20.801521,12.054353,64.262421,28.451647,207.279999
2016-05-13,20.698034,11.936967999999998,62.42635300000001,28.026148,207.610001
2016-05-16,20.923832,12.027264,63.464539,28.328724,208.289993
2016-05-17,20.698034,11.864733,62.580151,28.092335,204.660004
2016-05-18,20.255846,11.882792,60.705631,27.997782,211.169998
2016-05-19,20.594542,11.819586,66.521439,27.761395,215.210007
2016-05-20,20.763891,11.909881,67.155899,27.950502,220.27999900000003
2016-05-23,20.679216,11.855705,66.80983,27.884314,216.220001
2016-05-24,20.726257,12.000175,67.521202,28.224714,217.910004
2016-05-25,20.810934,12.207853,67.75190699999999,28.451647,219.580002
2016-05-26,21.027319,12.153677,68.107582,28.38546,225.119995
2016-05-27,21.177853,12.144648,68.011452,28.480015,223.039993
2016-05-31,21.196671,12.180765,68.040291,28.584023,223.229996
2016-06-01,21.253115,11.837645,67.771126,28.470558,219.559998
2016-06-02,21.262524,11.927939,68.203712,28.413822,218.960007
2016-06-03,21.554178,11.774438,68.126816,28.309816,218.990005
2016-06-06,21.70471,11.90085,68.29984300000001,28.480015,220.679993
2016-06-07,21.742342,12.081441,68.280609,28.498922,232.339996
2016-06-08,21.883467,12.06338,68.520943,28.659666,235.520004
2016-06-09,22.00577,11.973089,68.338287,28.593479,229.360001
2016-06-10,21.770569,11.828615,68.38636,28.404371,218.789993
2016-06-13,21.610628,11.720262,67.799965,28.205803000000003,217.869995
2016-06-14,21.70471,11.593849,68.203712,28.782591,214.960007
2016-06-15,21.591812,11.747351,68.367142,28.924421,217.699997
2016-06-16,21.676487,11.846674,68.54016899999999,29.191181,217.929993
2016-06-17,21.732935,11.973089,68.203712,29.153072,215.470001
2016-06-20,21.845833,12.117558,68.34790799999999,29.372194,219.699997
2016-06-21,22.109262,11.936967999999998,68.693977,29.476997,219.610001
2016-06-22,21.864651,11.90085,68.972748,29.324562,196.660004
2016-06-23,22.099854,12.099499,69.30920400000001,29.715178,196.399994
2016-06-24,21.958733,11.304906,69.174614,28.409954,193.149994
2016-06-27,21.798792,10.979845,68.732422,27.933598,198.550003
2016-06-28,22.222162,11.187523,68.74205,28.524282,201.789993
2016-06-29,22.579672,11.331994,69.655266,29.105434,210.190002
2016-06-30,22.579672,11.350054,70.193588,29.991461,212.27999900000003
2016-07-01,22.626711,11.485497,69.99170699999999,30.000988,216.5
2016-07-05,22.626711,11.196552,70.308945,29.962881,213.979996
2016-07-06,22.626711,11.350054,70.962631,30.239168,214.440002
2016-07-07,22.128078,11.512584,70.683853,30.315384,215.940002
2016-07-08,22.48559,11.819586,70.98183399999998,30.677416,216.77999900000003
2016-07-11,22.400915,11.982118,71.193329,30.686941,224.77999900000003
2016-07-12,22.297428,12.144648,70.433914,30.734579,224.649994
2016-07-13,22.523226,12.171735,70.770363,30.829853000000004,222.52999900000003
2016-07-14,22.259794,12.271059,70.84725999999998,31.087086,221.52999900000003
2016-07-15,22.63612,12.253001,70.818428,31.325262,220.399994
2016-07-18,22.532631,12.325235,70.98183399999998,31.353844,226.25
2016-07-19,22.504408,12.325235,70.808823,31.372902000000003,225.25999500000003
2016-07-20,22.692572,12.406502,70.933784,31.22999,228.360001
2016-07-21,22.80547,12.569032,70.67423199999998,31.048977,220.5
2016-07-22,23.228838,12.496797,70.703087,30.544037,222.270004
2016-07-25,23.059488,12.487766,70.895332,30.143896,230.00999500000003
2016-07-26,22.880733,12.652079,70.876099,29.981936,229.50999500000003
2016-07-27,22.48559,12.633822,70.48197900000002,29.800919,228.490005
2016-07-28,22.363285,11.602303,70.405067,29.772337,230.610001
2016-07-29,22.504408,11.556662,70.145531,29.667538,234.789993
2016-08-01,22.269199,11.392348,70.924171,29.677067,230.00999500000003
2016-08-02,22.081034,10.899411,70.299324,29.581793,227.199997
2016-08-03,22.109262,11.072851,70.11668399999999,29.65801,225.789993
2016-08-04,22.203346,11.027209,70.462761,29.696119,230.610001
2016-08-05,21.328381,11.127622,70.904945,29.800919,230.02999900000003
2016-08-08,21.366014,11.118495,70.501198,29.791393,226.160004
2016-08-09,21.356609,11.237165,70.693466,29.819971,229.080002
2016-08-10,21.318974,11.182393,71.574226,29.791393,225.649994
2016-08-11,21.356609,11.237165,71.429047,29.810446,224.910004
2016-08-12,21.478418,11.255423,71.51615100000002,29.762812,225.610001
2016-08-15,21.36422,11.346705,70.964462,29.762812,225.589996
2016-08-16,21.059696,11.26455,70.548286,29.715178,223.610001
2016-08-17,21.49745,11.310191,70.586998,29.810446,223.240005
2016-08-18,21.716326,11.255423,71.912979,29.943825,223.50999500000003
2016-08-19,21.72584,11.310191,70.470848,29.772337,225.0
2016-08-22,21.830521,11.282805,70.364372,29.839027,222.929993
2016-08-23,21.744873,11.337577,69.657837,29.753283000000003,224.839996
2016-08-24,21.659227,11.228037,69.909485,29.743755,222.619995
2016-08-25,21.611643,11.383221,68.931931,29.734228,220.960007
2016-08-26,21.240507,11.301063,68.854507,29.753283000000003,219.990005
2016-08-29,21.573578,11.383221,69.106148,29.877134,215.199997
2016-08-30,21.383251,11.456249,69.019035,29.886663,211.339996
2016-08-31,21.383251,11.50189,69.144859,29.762812,212.00999500000003
2016-09-01,21.354704,11.355835,70.49987800000002,29.724703,200.770004
2016-09-02,21.535515,11.410605,70.170815,29.810446,197.779999
2016-09-06,21.697292,11.56579,70.654747,29.581793,202.830002
2016-09-07,22.163591,11.593175,69.744949,29.591322,201.710007
2016-09-08,22.496668,11.62056,69.522346,29.572269,197.360001
2016-09-09,21.516483,11.301063,68.041489,28.686243,194.470001
2016-09-12,21.840038,11.593175,69.628799,29.048275,198.300003
2016-09-13,21.354704,11.301063,69.164215,28.438536,196.050003
2016-09-14,21.345188,11.081981,69.222298,28.29563,196.410004
2016-09-15,21.554544,11.054593,70.07401999999999,28.564472,200.419998
2016-09-16,21.935202,11.054593,70.52892299999998,28.497263,205.399994
2016-09-19,22.173107,11.054593,69.773987,28.257223,206.339996
2016-09-20,22.334887,10.954181,69.657837,28.487661,204.639999
2016-09-21,22.85829,11.036338,69.870773,28.660490000000006,205.220001
2016-09-22,22.943935,11.118495,69.948196,28.842916,206.429993
2016-09-23,23.020067,11.109365,70.025627,28.698895,207.449997
2016-09-26,23.086681,10.96331,69.319084,28.362841,208.990005
2016-09-27,22.725056,10.935925,70.006271,28.689289,205.809998
2016-09-28,22.953451,11.036338,69.48362,28.708496000000004,206.270004
2016-09-29,22.439569,10.926796,68.45768000000001,28.353241,200.699997
2016-09-30,22.106497,11.018081,69.803024,28.439655,204.029999
2016-10-03,21.792454,11.045466,69.696556,28.458855,213.699997
2016-10-04,21.278574,11.136751,69.444901,28.324436,211.410004
2016-10-05,21.269056,11.392348,69.36747700000001,28.324436,208.460007
2016-10-06,21.221474,11.310191,67.131691,28.103598,201.0
2016-10-07,20.84082,11.218907000000002,66.492889,27.921171,196.610001
2016-10-10,21.107279,11.063724,65.796036,27.709938,200.949997
2016-10-11,20.783722,10.945054,65.224976,27.767548,200.100006
2016-10-12,21.012112,10.917667,65.292725,27.748341,201.509995
2016-10-13,21.259541,10.872025,66.037987,27.623526,200.240005
2016-10-14,21.288092,10.872025,66.250916,27.738743,196.509995
2016-10-17,21.345188,10.844639,66.028313,27.700336,193.960007
2016-10-18,21.421318,10.853768,66.65744000000001,27.825155,199.100006
2016-10-19,21.535515,10.96331,66.676781,27.901968,203.559998
2016-10-20,21.56406,10.926796,66.521927,27.91157,199.100006
2016-10-21,21.621159,10.972438,66.144463,27.825155,200.089996
2016-10-24,21.459383,11.127622,66.967155,27.767548,202.759995
2016-10-25,21.573578,10.952021,67.131691,27.508305,202.339996
2016-10-26,21.56406,10.979747,67.354294,27.719542,202.240005
2016-10-27,21.478418,10.850355,67.586601,27.489103000000004,204.009995
2016-10-28,21.440351,10.831872,67.741455,28.055592,199.970001
2016-10-31,21.697292,10.850355,67.770485,27.940374,197.729996
2016-11-01,21.411802,10.730207,67.073616,27.729143,190.789993
2016-11-02,21.040663,10.53612,67.218796,27.354683,188.020004
2016-11-03,21.449867,10.489911,67.393013,27.153049,187.419998
2016-11-04,21.821007,10.480668,66.938126,27.306677,190.559998
2016-11-07,22.477634,10.70248,67.538193,28.142006,193.210007
2016-11-08,22.553766,10.610058,67.547874,28.247623,194.940002
2016-11-09,22.087461,10.70248,68.815788,28.449255,190.059998
2016-11-10,22.001818,11.035198,69.096474,29.198172,185.350006
2016-11-11,21.811489,11.349436,68.94162800000001,29.486216,188.559998
2016-11-14,22.098303,11.146108,68.22538,29.294188,181.449997
2016-11-15,22.396669,11.127622,69.125511,29.524622,183.770004
2016-11-16,22.348545,11.090653,69.096474,29.51502,183.929993
2016-11-17,22.348545,10.970505,66.967155,29.563028000000006,188.660004
2016-11-18,22.464043,10.868841,66.33802800000001,29.447809000000003,185.020004
2016-11-21,22.637287,10.896567,67.141373,29.639841,184.520004
2016-11-22,22.733534,10.98899,67.86727900000001,29.937487,191.169998
2016-11-23,22.723909,10.998231,68.554459,30.091112,193.139999
2016-11-25,23.051149,11.127622,68.94162800000001,30.187128,196.649994
2016-11-28,23.262892,11.016717,68.902901,30.0047,196.119995
2016-11-29,23.185894,11.016717,69.077118,29.812666,189.570007
2016-11-30,22.964527,11.053685,68.16731999999999,29.534225,189.399994
2016-12-01,22.906776,11.488068,68.39960500000001,30.139118,181.880005
2016-12-02,23.195518,11.312467,68.602852,30.091112,181.470001
2016-12-05,23.080023,11.49731,67.693054,29.870275,186.800003
2016-12-06,22.887531,11.608217,68.099556,29.927885,185.850006
2016-12-07,23.185894,12.070328,68.820915,30.34075,193.149994
2016-12-08,23.147394,12.042602,68.56746700000001,30.27354,192.289993
2016-12-09,23.513134,12.171992,68.314026,30.51358,192.179993
2016-12-12,23.590132,11.848515,69.863945,30.590387,192.429993
2016-12-13,23.657503,11.802304,69.990677,30.475168,198.149994
2016-12-14,23.272516,11.58049,69.54226700000001,30.244736,198.690002
2016-12-15,23.397638,11.626702,69.288826,30.014299,197.580002
2016-12-16,23.378389,11.672913,69.191345,30.484774,202.490005
2016-12-19,23.542007,11.700639,69.776222,30.647999,202.729996
2016-12-20,23.734503,11.811544,70.010178,30.964846,208.789993
2016-12-21,23.724878,11.682156,69.444778,30.84963,207.699997
2016-12-22,23.907747,11.46034,67.83635699999999,30.781914,208.449997
2016-12-23,23.898121,11.515796,67.787628,30.839956,213.339996
2016-12-27,23.830748,11.4511,67.943588,30.859304,219.52999900000003
2016-12-28,23.522758,11.321709,67.563423,30.665831,219.740005
2016-12-29,23.801874,11.303223,67.514679,30.675501,214.679993
2016-12-30,23.715252,11.210801,67.378212,30.569090000000006,213.690002
2017-01-03,23.66713,11.635944,66.929802,30.656155,216.990005
2017-01-04,23.878874,12.171992,67.319717,30.665831,226.990005
2017-01-05,23.878874,11.802304,67.465942,30.491701000000006,226.75
2017-01-06,24.408232,11.793061,66.539886,30.578764000000003,229.00999500000003
2017-01-09,23.946243,11.672913,66.978539,30.433657,231.27999900000003
2017-01-10,24.013618,11.876242,66.510643,30.346596,229.869995
2017-01-11,24.465979,11.709882,66.803078,30.443333000000006,229.729996
2017-01-12,24.379356,11.635944,66.257187,30.365942,229.589996
2017-01-13,24.465979,11.672913,65.438354,30.336920000000006,237.75
2017-01-17,24.533352,11.654428,66.695847,30.249859000000004,235.580002
2017-01-18,24.716223,11.654428,66.393661,30.211161,238.360001
2017-01-19,24.485229,11.67321,65.91600799999999,30.191813,243.75999500000003
2017-01-20,24.639223,11.607471,65.487099,29.534000000000002,244.729996
2017-01-23,24.485229,11.560517,64.970451,28.779446000000004,248.919998
2017-01-24,24.658476,11.842251,65.701561,29.021288,254.610001
2017-01-25,24.976089,12.011292,65.20440699999999,29.379219,254.470001
2017-01-26,25.014587,11.616863,65.048439,29.330849,252.50999500000003
2017-01-27,25.081961,11.729558,64.005402,29.030962,252.949997
2017-01-30,24.86059,11.616863,64.746246,28.982594,250.630005
2017-01-31,25.22633,11.607471,65.05818199999999,28.731077000000006,251.929993
2017-02-01,24.956839,11.569908,64.56104300000001,28.721403,249.240005
2017-02-02,25.207083,11.532344,65.01918,28.711729,251.550003
2017-02-03,25.312952,11.795297,64.82423399999999,28.731077000000006,251.330002
2017-02-06,25.110834,11.757731,64.726753,28.692381,257.769989
2017-02-07,25.187832,11.588691,65.20440699999999,28.595642,257.480011
2017-02-08,25.428448,11.626256,66.101219,28.469885,262.079987
2017-02-09,25.47657,11.626256,67.339226,28.624664000000006,269.200012
2017-02-10,25.495821,11.74834,66.305916,28.750423,269.230011
2017-02-13,25.669067,11.795297,66.06223299999999,29.059984000000004,280.600006
2017-02-14,25.326838,11.879816,66.929802,29.292154,280.980011
2017-02-15,25.346281,11.861034,66.95904499999999,29.359871,279.76001
2017-02-16,25.637955,11.776514,67.134506,29.45661,268.950012
2017-02-17,25.774069,11.814078,67.62191,29.379219,272.230011
2017-02-21,25.871292,11.91738,69.649498,29.524324,277.390015
2017-02-22,25.832403,11.898599,69.902946,29.340523,273.51001
2017-02-23,26.094908,11.795297,69.513023,29.272266,255.990005
2017-02-24,26.269911,11.710775,70.565811,29.438032,257.0
2017-02-27,26.046295,11.889208,69.932182,29.19426,246.229996
2017-02-28,26.561583,11.767122,69.142593,29.067495,249.990005
2017-03-01,26.931034000000004,11.91738,68.67469799999999,29.438032,250.020004
2017-03-02,26.99909,11.889208,68.976883,29.438032,250.479996
2017-03-03,27.125483000000006,11.879816,68.265274,29.369776,251.570007
2017-03-06,27.183813,11.757731,68.119057,29.252766,251.210007
2017-03-07,27.222704,11.701385,68.109314,29.116253000000004,248.589996
2017-03-08,26.678251,11.767122,68.541374,29.057745,246.869995
2017-03-09,26.610195,11.738949,68.600288,28.921234,244.899994
2017-03-10,26.940754,11.767122,68.83596800000001,29.525791,243.690002
2017-03-13,26.843533,11.776514,68.68866,29.116253000000004,246.169998
2017-03-14,26.736588,11.785905,69.444778,28.804222,258.0
2017-03-15,27.310205,11.879816,69.307304,29.018742,255.729996
2017-03-16,26.824085,11.926773,69.16983,29.008991,262.049988
2017-03-17,26.911589000000006,11.720166,68.62975300000001,29.135752,261.5
2017-03-20,26.687975,11.532344,68.718132,28.999239000000006,261.920013
2017-03-21,26.814365,11.006439,68.639572,28.657957,250.679993
2017-03-22,27.106035,11.053393,68.983261,28.794472,255.00999500000003
2017-03-23,26.979645,10.959482,68.600288,28.882229,254.77999900000003
2017-03-24,27.096315,10.912527,68.35479699999999,28.979738,263.160004
2017-03-27,26.92131,10.762268,68.4039,28.706713,270.220001
2017-03-28,26.92131,10.9407,69.051994,28.882229,277.450012
2017-03-29,27.07687,10.968874,69.464424,28.940735,277.380005
2017-03-30,26.746307,10.968874,70.299088,29.126003000000004,277.920013
2017-03-31,26.804642,10.93131,70.780266,29.057745,278.299988
2017-04-03,26.785194,10.743485,70.534767,29.135752,298.519989
2017-04-04,26.99909,10.677749,70.711525,29.272266,303.700012
2017-04-05,27.067146,10.574446,70.358017,29.223509000000004,295.0
2017-04-06,27.125483000000006,10.583838,70.141983,29.184509,298.700012
2017-04-07,27.125483000000006,10.546271,71.585472,29.243011,302.540009
2017-04-10,27.222704,10.565054,71.742584,29.262516,312.390015
2017-04-11,27.135204,10.593227,72.105919,29.291767,308.709991
2017-04-12,27.261595,10.546271,72.11573800000002,29.028492,296.839996
2017-04-13,27.164373,10.433578,71.83097099999998,28.823723,304.0
2017-04-17,27.456043,10.593227,72.164833,28.901731,301.440002
2017-04-18,27.514378000000004,10.602745,72.557625,29.096748,300.25
2017-04-19,27.193537,10.650333,72.734375,29.252766,305.519989
2017-04-20,27.125483000000006,10.91683,73.45121800000003,29.516037,302.51001
2017-04-21,27.339375,10.793099,73.58869200000002,28.813972,305.600006
2017-04-24,27.533823,10.878759,73.431572,28.813972,308.0299990000001
2017-04-25,27.601877,10.926347,73.69671600000002,28.716465000000003,313.790009
2017-04-26,27.543545,11.040561,74.069847,28.531197,310.170013
2017-04-27,27.844938,10.91683,74.079674,28.35568,308.630005
2017-04-28,27.737991,10.91683,73.824364,28.267921,314.070007
2017-05-01,27.524099,10.869242,73.87346600000002,28.219168,322.829987
2017-05-02,27.407433,10.393354,74.158226,28.267921,318.890015
2017-05-03,27.319929,10.53612,74.393906,28.501942,311.019989
2017-05-04,27.203259000000006,10.469497,74.963448,28.472691,295.459991
2017-05-05,27.271315,10.602745,75.120552,28.492193,308.350006
2017-05-08,27.096315,10.593227,74.747414,28.345926,307.190002
2017-05-09,26.687975,10.621781,75.33659399999998,28.209414,321.26001
2017-05-10,26.775476,10.507567,75.820976,27.985144,325.220001
2017-05-11,26.658806,10.479014,75.25750699999998,28.150911,323.100006
2017-05-12,26.7943,10.393354,74.842323,27.565855,324.809998
2017-05-15,26.921938,10.412391,75.41568000000002,27.478098,315.880005
2017-05-16,26.696117,10.412391,74.249199,27.341585,317.01001
2017-05-17,26.676479,10.241073,74.259079,26.727276,306.109985
2017-05-18,26.715752,10.269625,76.651352,26.795532,313.059998
2017-05-19,26.980848,10.345766,77.867249,27.351334,310.829987
2017-05-22,27.196854,10.564673,77.649773,27.478098,310.350006
2017-05-23,27.245943,10.517085,77.59045400000002,27.575605,303.859985
2017-05-24,27.461948,10.431426,77.254356,27.136814,310.220001
2017-05-25,27.668135,10.336248,77.412521,26.805283000000006,316.829987
2017-05-26,27.815411,10.402872,77.234581,26.766277,325.140015
2017-05-30,27.874319,10.545638,77.254356,26.67852,335.100006
2017-05-31,28.090324,10.583709,77.699196,26.698021,341.01001
2017-06-01,28.40451,10.859723,78.895332,27.029552,340.369995
2017-06-02,28.355417,10.802617,78.70752,27.18557,339.850006
2017-06-05,28.031412,10.70744,79.340179,27.283077,347.320007
2017-06-06,27.982321,10.583709,78.025421,27.234324,352.850006
2017-06-07,27.80559,10.53612,78.24290500000002,26.990551,359.649994
2017-06-08,27.697588,10.564673,78.025421,26.902790000000003,370.0
2017-06-09,27.727045,10.593227,78.509796,27.244074,357.320007
2017-06-12,27.599405,10.735992,78.331863,28.219168,359.01001
2017-06-13,27.619041,10.726476,78.60865799999998,27.741373,375.950012
2017-06-14,27.854685,10.678887,78.984299,27.975395,380.660004
2017-06-15,28.090324,10.697923,78.005646,28.457218,375.339996
2017-06-16,28.355417,10.678887,74.377708,28.516218,371.399994
2017-06-19,28.188505,10.697923,74.634727,28.319553000000006,369.799988
2017-06-20,27.893957,10.583709,74.67427099999998,27.66073,372.23999
2017-06-21,27.471766,10.507567,75.366249,27.31657,376.399994
2017-06-22,27.579769,10.593227,74.654495,27.090406,382.609985
2017-06-23,27.540495,10.507567,73.982292,27.110073,383.450012
2017-06-26,27.8645,10.640817,74.634727,27.149408,377.48999
2017-06-27,27.668135,10.545638,75.138885,26.756077,362.369995
2017-06-28,27.324492,10.555156,75.633156,26.628248,371.23999
2017-06-29,26.96121,10.631299,75.059799,26.56925,360.75
2017-06-30,26.882664,10.650333,74.812668,26.559416,361.609985
2017-07-03,27.079033000000006,11.00249,74.496338,26.992075,352.619995
2017-07-05,26.951395,10.755029,74.456795,26.893744,327.089996
2017-07-06,26.784483,10.640817,74.60507199999998,25.871092,308.829987
2017-07-07,26.823755,10.716958,74.466675,25.713762,313.220001
2017-07-10,26.774664,10.793099,72.39074699999998,25.605598,316.049988
2017-07-11,26.666662,10.83117,72.62799100000002,25.939924,327.220001
2017-07-12,26.980848,10.91683,73.092606,26.136589,329.519989
2017-07-13,26.863029,11.040561,74.189888,26.343086,323.410004
2017-07-14,27.118307,11.116703,75.465096,26.333254,327.7799990000001
2017-07-17,27.265581,11.173808,75.494759,26.372585,319.570007
2017-07-18,27.2754,11.183326,75.326706,26.441416,328.23999
2017-07-19,27.128124,11.259467,75.000488,26.490583,325.26001
2017-07-20,27.540495,11.278748,75.14876600000002,26.244753000000006,329.920013
2017-07-21,27.638678,11.114868,75.277283,25.477766,328.399994
2017-07-24,27.658316,10.88351,76.008797,25.005774,342.519989
2017-07-25,27.412857,10.86423,77.62011700000002,25.015608,339.600006
2017-07-26,27.569952,10.661792,77.995758,25.163105,343.850006
2017-07-27,27.619041,10.777471,78.865669,25.359768,334.459991
2017-07-28,27.62886,10.76783,78.895332,25.104105,335.070007
2017-07-31,27.677952,10.816031,79.073265,25.182772,323.470001
2017-08-01,27.736862,10.555751,79.577431,25.015608,319.570007
2017-08-02,27.658316,10.603951,79.607079,25.094273,325.890015
2017-08-03,27.952866,10.536472,79.943184,25.330269,347.089996
2017-08-04,28.021597,10.555751,79.55765500000003,25.349936,356.910004
2017-08-07,28.217962,10.526832,80.348488,25.202436,355.170013
2017-08-08,28.522329,10.497911,80.65493000000002,25.133604,365.220001
2017-08-09,28.53215,10.526832,81.182152,25.281101,363.529999
2017-08-10,28.600876,10.382232,80.237137,24.877941,355.399994
2017-08-11,28.296509000000004,10.382232,79.9785,24.77961,357.869995
2017-08-14,28.54229,10.517191,80.276917,24.936943,363.799988
2017-08-15,28.581932,10.449712,80.34655,24.720612,362.329987
2017-08-16,28.690948,10.411153,80.555458,24.681278,362.910004
2017-08-17,28.512558,10.256913,79.282166,24.337116,351.920013
2017-08-18,28.75041,10.179793,78.894211,24.140453,347.459991
2017-08-21,29.017996000000004,10.189433,79.292114,24.081453,337.859985
2017-08-22,29.245937,10.266553,79.600487,24.189619,341.350006
2017-08-23,29.463968,10.324392,79.540802,23.983122,352.769989
2017-08-24,29.374773,10.324392,77.929291,23.894623,352.929993
2017-08-25,29.463968,10.430431,78.217773,24.081453,348.049988
2017-08-28,29.662178000000004,10.401512,77.620918,24.061789,345.660004
2017-08-29,29.622536,10.449712,78.35704,24.032288,347.359985
2017-08-30,29.394594,10.546111,78.12825,23.874958,353.179993
2017-08-31,29.354954,10.632871000000002,77.660713,24.140453,355.899994
2017-09-01,29.364862,10.94135,77.95914499999998,24.720612,355.399994
2017-09-05,29.354954,10.95099,79.38164499999998,24.337116,349.589996
2017-09-06,29.176563,11.085949,79.660179,24.504282,344.5299990000001
2017-09-07,29.69191,10.989549,79.699966,23.619295,350.609985
2017-09-08,29.741463,10.95099,78.466461,23.42263,343.399994
2017-09-11,30.177526,10.999189,78.665421,23.324299,363.690002
2017-09-12,29.711731,11.172709,79.192635,23.511129,362.75
2017-09-13,29.672089,11.201629,79.44133000000002,23.707794,366.230011
2017-09-14,29.870298,11.143788,79.262268,23.855291,377.640015
2017-09-15,29.999136,11.201629,79.95859499999997,23.765909,379.809998
2017-09-18,29.711731,11.211268,79.580597,24.292273,385.0
2017-09-19,29.70182,11.298028,79.630333,24.034058,375.100006
2017-09-20,29.434237,11.288387,80.077972,24.153234,373.910004
2017-09-21,29.226116,11.298028,79.590546,24.580286,366.480011
2017-09-22,28.938711,11.413707,79.113052,24.699463,351.089996
2017-09-25,29.394594,11.510106,78.735054,24.937817000000006,344.98999
2017-09-26,29.374773,11.500467,78.973793,24.759052,345.25
2017-09-27,28.819784,11.519747,78.874313,24.202892,340.970001
2017-09-28,28.889158,11.529387,78.53609499999997,24.073782,339.600006
2017-09-29,28.94862,11.539027,77.730347,24.014194,341.100006
2017-10-02,28.700857,11.654706,78.038719,24.40152,341.5299990000001
2017-10-03,28.52247,11.895705,78.80468,24.629942,348.140015
2017-10-04,28.730589,11.857146,78.67536199999998,24.312136,355.01001
2017-10-05,28.799963,11.808946,78.99369,24.371727,355.329987
2017-10-06,28.621572,11.866786,78.585838,24.222754,356.880005
2017-10-09,28.472916,11.895705,80.107811,23.269337,342.940002
2017-10-10,28.859426000000006,11.943905,83.688942,23.199818,355.589996
2017-10-11,29.047726,11.934265,85.280556,22.911804,354.600006
2017-10-12,29.454058000000003,11.683625,85.648613,22.891941,355.679993
2017-10-13,29.097279,11.616147,86.165894,22.822422,355.570007
2017-10-16,29.196383,11.683625,85.290497,23.199818,350.600006
2017-10-17,29.265759000000006,11.828225,85.52924300000002,23.030983,355.75
2017-10-18,29.31531,11.751105,85.76798199999998,22.961464000000007,359.649994
2017-10-19,29.483789,11.789665,85.94704399999998,23.418308,351.809998
2017-10-20,29.434237,11.809185,86.98159,23.666594,345.100006
2017-10-23,29.404505,11.750627,88.185249,22.166948,337.019989
2017-10-24,29.32522,11.897021,87.518761,21.739897,337.339996
2017-10-25,29.1171,11.750627,88.016136,21.352571,325.839996
2017-10-26,29.226116,11.9751,88.155403,21.173805,326.170013
2017-10-27,29.483789,11.770146,87.707756,20.64744,320.869995
2017-10-30,29.206293,11.809185,86.494156,20.270044,320.079987
2017-10-31,29.31531,11.9751,86.852264,20.021759,331.5299990000001
2017-11-01,29.444145,12.053177,87.478966,19.882721,321.079987
2017-11-02,29.473879,12.121493,88.33446500000002,19.803268,299.26001
2017-11-03,29.32522,12.062936,89.209846,20.001896,306.089996
2017-11-06,29.454058000000003,12.033657,88.234978,19.991964000000007,302.7799990000001
2017-11-07,29.682001,11.867743,88.483665,20.071417,306.049988
2017-11-08,29.682001,11.770146,89.786804,19.982035,304.390015
2017-11-09,29.543251,11.750627,89.826599,19.852924,302.98999
2017-11-10,29.146832,11.721348,90.443344,20.349497,302.98999
2017-11-13,29.364862,11.867743,90.512978,18.889578,315.399994
2017-11-14,29.682001,11.731108,90.61245,17.777256,308.700012
2017-11-15,29.35,11.711588,89.359062,18.134789,311.299988
2017-11-16,29.030001,11.750627,99.097733,18.124857,312.5
2017-11-17,29.0,11.721348,96.959007,18.085131,315.049988
2017-11-20,29.120001,11.838464,96.968956,17.856709,308.73999
2017-11-21,29.09,11.828704,96.013985,17.707736999999995,317.809998
2017-11-22,29.15,11.779905,95.904564,18.025541,312.600006
2017-11-24,29.030001,11.809185,96.113464,18.065269,315.549988
2017-11-27,29.540001,11.818944,96.113464,17.995749,316.809998
2017-11-28,29.58,11.916541,96.262672,18.28376,317.549988
2017-11-29,29.67,12.258128999999998,97.048531,18.353279,307.540009
2017-11-30,30.01,12.21909,96.720268,18.164583,308.850006
2017-12-01,29.530001,12.277648,96.83963,17.757393,306.5299990000001
2017-12-04,29.360001,12.326447,96.501419,17.826916,305.200012
2017-12-05,28.91,12.131253,97.317123,17.638218,303.700012
2017-12-06,29.01,12.082456,96.769997,17.538902,313.26001
2017-12-07,28.860001,12.228849,96.779999,17.588558,311.23999
2017-12-08,28.91,12.306927,96.550003,17.588558,315.130005
2017-12-11,28.85,12.277648,96.93,17.528971,328.910004
2017-12-12,28.379999,12.297168,96.699997,17.787188,341.0299990000001
2017-12-13,28.4,12.326447,97.760002,17.638218,339.0299990000001
2017-12-14,28.620001,12.160532,97.129997,17.519039000000006,337.890015
2017-12-15,28.799999,12.277648,97.110001,17.697805,343.450012
2017-12-18,28.459999,12.355725,97.900002,17.638218,338.869995
2017-12-19,28.01,12.385004,98.800003,17.469382999999997,331.100006
2017-12-20,28.02,12.414284,98.75,17.330343,328.980011
2017-12-21,27.77,12.326447,98.059998,17.350204,331.660004
2017-12-22,28.07,12.277648,98.209999,17.379998999999998,325.200012
2017-12-26,28.030001,12.297168,99.160004,17.43,317.290009
2017-12-27,28.15,12.199571,99.260002,17.379998999999998,311.640015
2017-12-28,28.360001,12.277648,99.400002,17.360001,315.359985
2017-12-29,28.360001,12.189811,98.75,17.450001,311.350006
2018-01-02,28.02,12.355725,98.589996,17.98,320.5299990000001
2018-01-03,27.959999,12.453322,99.449997,18.15,317.25
2018-01-04,27.99,12.668034,99.540001,18.530001,314.619995
2018-01-05,27.870001,12.882747,100.129997,18.540001,316.579987
2018-01-08,28.040001,12.833948,101.610001,18.280001,336.410004
2018-01-09,27.76,12.765631,100.389999,18.559999,333.690002
2018-01-10,27.26,12.716832,99.669998,18.93,334.799988
2018-01-11,27.43,12.843708,100.019997,19.02,337.950012
2018-01-12,27.370001,12.912025,100.870003,18.76,336.220001
2018-01-16,27.52,12.785151,100.690002,18.209999,340.059998
2018-01-17,27.879999,11.887262,102.699997,17.35,347.160004
2018-01-18,27.83,11.779905,104.300003,16.77,344.570007
2018-01-19,27.799999,11.711588,104.589996,16.26,350.019989
2018-01-22,27.790001,11.731108,105.449997,16.17,351.559998
2018-01-23,28.08,11.672549,105.900002,16.889999,352.790009
2018-01-24,28.139999,11.760386,105.790001,16.440001000000002,345.890015
2018-01-25,28.379999,11.291923,106.599998,16.18,337.640015
2018-01-26,28.459999,11.37,108.389999,16.129998999999998,342.850006
2018-01-29,27.73,11.12,109.550003,16.280001000000002,349.5299990000001
2018-01-30,27.82,11.06,107.730003,15.95,345.820007
2018-01-31,28.18,10.97,106.599998,16.17,354.309998
2018-02-01,27.719999,10.92,105.519997,16.02,349.25
2018-02-02,27.549999,10.71,104.480003,15.64,343.75
